Cluster,Count,Recency,Frequency,Monetary,UniqueProducts,AvgOrderValue,PurchaseFrequency,CustomerAge,Percentage,AvgRevenuePerCustomer
0,1029,36.518950437317784,8.221574344023324,2506.9711379980563,103.35179786200194,354.5940706685159,0.03692972761124809,291.04567541302237,26.99,2506.9711379980563
1,2783,117.14768235716852,2.319798778296802,479.4029187926698,28.21523535752785,232.4066927865742,0.468310766578314,199.5102407473949,73.01,479.4029187926698
