Segment,Recency,Frequency,Monetary,RFM_Total,UniqueProducts,AvgTransactionValue,Count
Champions,7.374725274725274,12.481318681318681,5390.638,11.117582417582417,126.24395604395605,371.8717660093643,910
Loyal Customers,29.857758620689655,8.211206896551724,3043.9622435344827,10.1875,104.5,343.222400453,464
Needs Attention,72.26503067484663,4.0478527607361965,1309.5353141104295,7.817177914110429,58.23803680981595,349.14459435248943,815
At Risk,201.73846153846154,6.6,2210.200153846154,7.8,78.9076923076923,381.5397454007531,65
Potential Loyalists,8.678832116788321,2.2992700729927007,362.2002919708029,7.664233576642336,31.080291970802918,160.40227493917274,137
Others,136.81578947368422,3.6842105263157894,563.5428947368422,6.434210526315789,32.223684210526315,383.4180113826232,76
Promising,28.040983606557376,1.5225409836065573,304.0395286885246,6.059426229508197,28.114754098360656,219.2849419398907,488
Hibernating,200.8362738179252,1.3803810868031052,374.3334311926605,4.2159491884262525,22.035991531404374,293.5108654434251,1417
